-100,100,
-100,100,
-100,100,
-100,100,
-100,100,
-100,100,
-100,100,
-100,100,
-100,100,
-100,100,
-100,100,
-100,100,
-100,100,
-100,100,
-100,100,
-100,100,
-100,100,
-100,100,
-100,100,
-100,100,
-100,100,
-100,100,
-100,100,
-100,100,
-100,100,
-100,100,
-100,100,
-100,100,
-100,100,
-100,100,
-100,100,
-100,100,
-100,100,
-100,100,
-100,100,
-100,100,
-100,100,
-100,100,
-100,100,
-100,100,
-100,100,
-100,100,
-100,100,
-100,100,
-100,100,
-100,100,
-100,100,
-100,100,
-100,100,
-100,100,
-100,100,
-100,100,
-100,100,
-100,100,
-100,100,
-100,100,
-100,100,
-100,100,
-100,100,
-100,100,
-100,100,
-100,100,
-100,100,
-100,100,
-100,100,
-100,100,
-100,100,
-100,100,
-100,100,
-100,100,
-100,100,
-100,100,
-100,100,
-100,100,
-100,100,
-100,100,
-100,100,
-100,100,
-100,100,
-100,100,
-100,100,
-100,100,
-100,100,
-100,100,
-100,100,
-100,100,
-100,100,
-100,100,
-100,100,
-100,100,
-100,100,
-100,100,
-100,100,
-100,100,
-100,100,
-100,100,
-100,100,
-100,100,
-100,100,
-100,100,
-100,100,
-100,100,
-100,100,
-100,100,
-100,100,
-100,100,
-100,100,
-100,100,
-100,100,
-100,100,
-100,100,
-100,100,
-100,100,
-100,100,
-100,100,
-100,100,
-100,100,
-100,100,
-100,100,
-100,100,
-100,100,
-100,100,
-100,100,
-100,100,
-100,100,
-100,100,
-100,100,
-100,100,
-100,100,
-100,100,
-100,100,
-100,100,
-100,100,
-100,100,
-100,100,
-100,100,
-100,100,
-100,100,
-100,100,
-100,100,
-100,100,
-100,100,
-100,100,
-100,100,
-100,100,
-100,100,
-100,100,
-100,100,
-100,100,
-100,100,
-100,100,
-100,100,
-100,100,
-100,100,
-100,100,
-100,100,
-100,100,
-100,100,
-100,100,
-100,100,
-100,100,
-100,100,
-100,100,
-100,100,
-100,100,
-100,100,
-100,100,
-100,100,
-100,100,
-100,100,
-100,100,
-100,100,
-100,100,
-100,100,
-100,100,
-100,100,
-100,100,
-100,100,
-100,100,
-100,100,
-100,100,
-100,100,
-100,100,
-100,100,
-100,100,
-100,100,
-100,100,
-100,100,
-100,100,
-100,100,
-100,100,
-100,100,
-100,100,
-100,100,
-100,100,
-100,100,
-100,100,
-100,100,
-100,100,
-100,100,
-100,100,
-100,100,
-100,100,
-100,100,
-100,100,
-100,100,
-100,100,
-100,100,
-100,100,
-100,100,
-100,100,
-100,100,
-100,100,
-100,100,
-100,100,
-100,100,
-100,100,
-100,100,
-100,100,
-100,100,
-100,100,
-100,100,
-100,100,
-100,100,
-100,100,
-100,100,
-100,100,
-100,100,
-100,100,
-100,100,
-100,100,
-100,100,
-100,100,
-100,100,
-100,100,
-100,100,
-100,100,
-100,100,
-100,100,
-100,100,
-100,100,
-100,100,
-100,100,
-100,100,
-100,100,
-100,100,
-100,100,
-100,100,
-100,100,
-100,100,
-100,100,
-100,100,
-100,100,
-100,100,
-100,100,
-100,100,
-100,100,
-100,100,
-100,100,
-100,100,
-100,100,
-100,100,
-100,100,
-100,100,
-100,100,
-100,100,
-100,100,
-100,100,
-100,100,
-100,100,
-100,100,
-100,100,
-100,100,
-100,100,
-100,100,
-100,100,
-100,100,
-100,100,
-100,100,
-100,100,
-100,100,
-100,100,
-100,100,
-100,100,
-100,100,
-100,100,
-100,100,
-100,100,
-100,100,
-100,100,
-100,100,
-100,100,
-100,100,
-100,100,
-100,100,
-100,100,
-100,100,
-100,100,
-100,100,
-100,100,
-100,100,
-100,100,
-100,100,
-100,100,
-100,100,
-100,100,
-100,100,
-100,100,
-100,100,
-100,100,
-100,100,
-100,100,
-100,100,
-100,100,
-100,100,
-100,100,
-100,100,
-100,100,
-100,100,
-100,100,
-100,100,
-100,100,
-100,100,
-100,100,
-100,100,
-100,100,
-100,100,
-100,100,
-100,100,
-100,100,
-100,100,
-100,100,
-100,100,
-100,100,
-9.97904,9.97904,
-9.94925,9.94925,
-9.91964,9.91964,
-9.89021,9.89021,
-9.86095,9.86095,
-9.83186,9.83186,
-9.80294,9.80294,
-9.77419,9.77419,
-9.74561,9.74561,
-9.7172,9.7172,
-9.68895,9.68895,
-9.66087,9.66087,
-9.63295,9.63295,
-9.60519,9.60519,
-9.57759,9.57759,
-9.55014,9.55014,
-9.52286,9.52286,
-9.49573,9.49573,
-9.46875,9.46875,
-9.44193,9.44193,
-9.41525,9.41525,
-9.38873,9.38873,
-9.36236,9.36236,
-9.33613,9.33613,
-9.31006,9.31006,
-9.28412,9.28412,
-9.25833,9.25833,
-9.23269,9.23269,
-9.20718,9.20718,
-9.18182,9.18182,
-9.15659,9.15659,
-9.13151,9.13151,
-9.10656,9.10656,
-9.08174,9.08174,
-9.05707,9.05707,
-9.03252,9.03252,
-9.00811,9.00811,
-8.98383,8.98383,
-8.95968,8.95968,
-8.93566,8.93566,
-8.91176,8.91176,
-8.888,8.888,
-8.86436,8.86436,
-8.84085,8.84085,
-8.81746,8.81746,
-8.7942,8.7942,
-8.77105,8.77105,
-8.74803,8.74803,
-8.72513,8.72513,
-8.70235,8.70235,
-8.67969,8.67969,
-8.65714,8.65714,
-8.63472,8.63472,
-8.6124,8.6124,
-8.59021,8.59021,
-8.56812,8.56812,
-8.54615,8.54615,
-8.5243,8.5243,
-8.50255,8.50255,
-8.48092,8.48092,
-8.45939,8.45939,
-8.43797,8.43797,
-8.41667,8.41667,
-8.39547,8.39547,
-8.37437,8.37437,
-8.35338,8.35338,
-8.3325,8.3325,
-8.31172,8.31172,
-8.29104,8.29104,
-8.27047,8.27047,
-8.25,8.25,
-8.22963,8.22963,
-8.20936,8.20936,
-8.18919,8.18919,
-8.16912,8.16912,
-8.14914,8.14914,
-8.12927,8.12927,
-8.10949,8.10949,
-8.08981,8.08981,
-8.07022,8.07022,
-8.05072,8.05072,
-8.03133,8.03133,
-8.01202,8.01202,
-7.99281,7.99281,
-7.97368,7.97368,
-7.95465,7.95465,
-7.93571,7.93571,
-7.91686,7.91686,
-7.8981,7.8981,
-7.87943,7.87943,
-7.86085,7.86085,
-7.84235,7.84235,
-7.82394,7.82394,
-7.80562,7.80562,
-7.78738,7.78738,
-7.76923,7.76923,
-7.75116,7.75116,
-7.73318,7.73318,
-7.71528,7.71528,
-7.69746,7.69746,
-7.67972,7.67972,
-7.66207,7.66207,
-7.6445,7.6445,
-7.627,7.627,
-7.60959,7.60959,
-7.59226,7.59226,
-7.575,7.575,
-7.55782,7.55782,
-7.54072,7.54072,
-7.5237,7.5237,
-7.50676,7.50676,
-7.48989,7.48989,
-7.47309,7.47309,
-7.45638,7.45638,
-7.43973,7.43973,
-7.42316,7.42316,
-7.40667,7.40667,
-7.39024,7.39024,
-7.37389,7.37389,
-7.35762,7.35762,
-7.34141,7.34141,
-7.32527,7.32527,
-7.30921,7.30921,
-7.29322,7.29322,
-7.27729,7.27729,
-7.26144,7.26144,
-7.24565,7.24565,
-7.22993,7.22993,
-7.21429,7.21429,
-7.1987,7.1987,
-7.18319,7.18319,
-7.16774,7.16774,
-7.15236,7.15236,
-7.13704,7.13704,
-7.12179,7.12179,
-7.10661,7.10661,
-7.09149,7.09149,
-7.07643,7.07643,
-7.06144,7.06144,
-7.04651,7.04651,
-7.03165,7.03165,
-7.01684,7.01684,
-7.0021,7.0021,
-6.98742,6.98742,
-6.9728,6.9728,
-6.95825,6.95825,
-6.94375,6.94375,
-6.92931,6.92931,
-6.91494,6.91494,
-6.90062,6.90062,
-6.88636,6.88636,
-6.87216,6.87216,
-6.85802,6.85802,
-6.84394,6.84394,
-6.82992,6.82992,
-6.81595,6.81595,
-6.80204,6.80204,
-6.78819,6.78819,
-6.77439,6.77439,
-6.76065,6.76065,
-6.74696,6.74696,
-6.73333,6.73333,
-6.71976,6.71976,
-6.70624,6.70624,
-6.69277,6.69277,
-6.67936,6.67936,
-6.666,6.666,
-6.65269,6.65269,
-6.63944,6.63944,
-6.62624,6.62624,
-6.6131,6.6131,
-6.6,6.6,
-6.58696,6.58696,
-6.57396,6.57396,
-6.56102,6.56102,
-6.54813,6.54813,
-6.53529,6.53529,
-6.5225,6.5225,
-6.50977,6.50977,
-6.49708,6.49708,
-6.48444,6.48444,
-6.47184,6.47184,
-6.4593,6.4593,
-6.44681,6.44681,
-6.43436,6.43436,
-6.42197,6.42197,
-6.40962,6.40962,
-6.39731,6.39731,
-6.38506,6.38506,
-6.37285,6.37285,
-6.36069,6.36069,
-6.34857,6.34857,
-6.3365,6.3365,
-6.32448,6.32448,
-6.3125,6.3125,
-6.30057,6.30057,
-6.28868,6.28868,
-6.27684,6.27684,
-6.26504,6.26504,
-6.25328,6.25328,
-6.24157,6.24157,
-6.22991,6.22991,
-6.21828,6.21828,
-6.2067,6.2067,
-6.19517,6.19517,
-6.18367,6.18367,
-6.17222,6.17222,
-6.16081,6.16081,
-6.14945,6.14945,
-6.13812,6.13812,
-6.12684,6.12684,
-6.1156,6.1156,
-6.1044,6.1044,
-6.09324,6.09324,
-6.08212,6.08212,
-6.07104,6.07104,
-6.06,6.06,
-6.049,6.049,
-6.03804,6.03804,
-6.02712,6.02712,
-6.01625,6.01625,
-6.00541,6.00541,
-5.9946,5.9946,
-5.98384,5.98384,
-5.97312,5.97312,
-5.96243,5.96243,
-5.95179,5.95179,
-5.94118,5.94118,
-5.9306,5.9306,
-5.92007,5.92007,
-5.90957,5.90957,
-5.89912,5.89912,
-5.88869,5.88869,
-5.87831,5.87831,
-5.86796,5.86796,
-5.85764,5.85764,
-5.84737,5.84737,
-5.83713,5.83713,
-5.82692,5.82692,
-5.81675,5.81675,
-5.80662,5.80662,
-5.79652,5.79652,
-5.78646,5.78646,
-5.77643,5.77643,
-5.76644,5.76644,
-5.75648,5.75648,
-5.74655,5.74655,
-5.73666,5.73666,
-5.7268,5.7268,
-5.71698,5.71698,
-5.70719,5.70719,
-5.69744,5.69744,
-5.68771,5.68771,
-5.67802,5.67802,
-5.66837,5.66837,
-5.65874,5.65874,
-5.64915,5.64915,
-5.63959,5.63959,
-5.63007,5.63007,
-5.62057,5.62057,
-5.61111,5.61111,
-5.60168,5.60168,
-5.59228,5.59228,
-5.58291,5.58291,
-5.57358,5.57358,
-5.56427,5.56427,
-5.555,5.555,
-5.54576,5.54576,
-5.53654,5.53654,
-5.52736,5.52736,
-5.51821,5.51821,
-5.50909,5.50909,
-5.5,5.5,
-5.49094,5.49094,
-5.48191,5.48191,
-5.47291,5.47291,
-5.46393,5.46393,
-5.45499,5.45499,
-5.44608,5.44608,
-5.43719,5.43719,
-5.42834,5.42834,
-5.41951,5.41951,
-5.41071,5.41071,
-5.40194,5.40194,
-5.3932,5.3932,
-5.38449,5.38449,
-5.37581,5.37581,
-5.36715,5.36715,
-5.35852,5.35852,
-5.34992,5.34992,
-5.34135,5.34135,
-5.3328,5.3328,
-5.32428,5.32428,
-5.31579,5.31579,
-5.30732,5.30732,
-5.29889,5.29889,
-5.29048,5.29048,
-5.28209,5.28209,
-5.27373,5.27373,
-5.2654,5.2654,
-5.2571,5.2571,
-5.24882,5.24882,
-5.24057,5.24057,
-5.23234,5.23234,
-5.22414,5.22414,
-5.21596,5.21596,
-5.20781,5.20781,
-5.19969,5.19969,
-5.19159,5.19159,
-5.18351,5.18351,
-5.17547,5.17547,
-5.16744,5.16744,
-5.15944,5.15944,
-5.15147,5.15147,
-5.14352,5.14352,
-5.13559,5.13559,
-5.12769,5.12769,
-5.11982,5.11982,
-5.11196,5.11196,
-5.10413,5.10413,
-5.09633,5.09633,
-5.08855,5.08855,
-5.08079,5.08079,
-5.07306,5.07306,
-5.06535,5.06535,
-5.05766,5.05766,
-5.05,5.05,
-5.04236,5.04236,
-5.03474,5.03474,
-5.02715,5.02715,
-5.01958,5.01958,
-5.01203,5.01203,
-5.0045,5.0045,
-4.997,4.997,
-4.98952,4.98952,
-4.98206,4.98206,
-4.97463,4.97463,
-4.96721,4.96721,
-4.95982,4.95982,
-4.95245,4.95245,
-4.9451,4.9451,
-4.93778,4.93778,
-4.93047,4.93047,
-4.92319,4.92319,
-4.91593,4.91593,
-4.90869,4.90869,
-4.90147,4.90147,
-4.89427,4.89427,
-4.8871,4.8871,
-4.87994,4.87994,
-4.87281,4.87281,
-4.86569,4.86569,
-4.8586,4.8586,
-4.85153,4.85153,
-4.84448,4.84448,
-4.83745,4.83745,
-4.83043,4.83043,
-4.82344,4.82344,
-4.81647,4.81647,
-4.80952,4.80952,
-4.80259,4.80259,
-4.79568,4.79568,
-4.78879,4.78879,
-4.78192,4.78192,
-4.77507,4.77507,
-4.76824,4.76824,
-4.76143,4.76143,
-4.75464,4.75464,
-4.74786,4.74786,
-4.74111,4.74111,
-4.73438,4.73438,
-4.72766,4.72766,
-4.72096,4.72096,
-4.71429,4.71429,
-4.70763,4.70763,
-4.70099,4.70099,
-4.69437,4.69437,
-4.68776,4.68776,
-4.68118,4.68118,
-4.67461,4.67461,
-4.66807,4.66807,
-4.66154,4.66154,
-4.65503,4.65503,
-4.64854,4.64854,
-4.64206,4.64206,
-4.63561,4.63561,
-4.62917,4.62917,
-4.62275,4.62275,
-4.61634,4.61634,
-4.60996,4.60996,
-4.60359,4.60359,
-4.59724,4.59724,
-4.59091,4.59091,
-4.58459,4.58459,
-4.5783,4.5783,
-4.57202,4.57202,
-4.56575,4.56575,
-4.55951,4.55951,
-4.55328,4.55328,
-4.54707,4.54707,
-4.54087,4.54087,
-4.53469,4.53469,
-4.52853,4.52853,
-4.52239,4.52239,
-4.51626,4.51626,
-4.51015,4.51015,
-4.50405,4.50405,
-4.49798,4.49798,
-4.49191,4.49191,
-4.48587,4.48587,
-4.47984,4.47984,
-4.47383,4.47383,
-4.46783,4.46783,
-4.46185,4.46185,
-4.45588,4.45588,
-4.44993,4.44993,
-4.444,4.444,
-4.43808,4.43808,
-4.43218,4.43218,
-4.42629,4.42629,
-4.42042,4.42042,
-4.41457,4.41457,
-4.40873,4.40873,
-4.40291,4.40291,
-4.3971,4.3971,
-4.3913,4.3913,
-4.38553,4.38553,
-4.37976,4.37976,
-4.37402,4.37402,
-4.36828,4.36828,
-4.36257,4.36257,
-4.35686,4.35686,
-4.35117,4.35117,
-4.3455,4.3455,
-4.33984,4.33984,
-4.3342,4.3342,
-4.32857,4.32857,
-4.32296,4.32296,
-4.31736,4.31736,
-4.31177,4.31177,
-4.3062,4.3062,
-4.30065,4.30065,
-4.2951,4.2951,
-4.28958,4.28958,
-4.28406,4.28406,
-4.27856,4.27856,
-4.27308,4.27308,
-4.26761,4.26761,
-4.26215,4.26215,
-4.2567,4.2567,
-4.25128,4.25128,
-4.24586,4.24586,
-4.24046,4.24046,
-4.23507,4.23507,
-4.2297,4.2297,
-4.22433,4.22433,
-4.21899,4.21899,
-4.21365,4.21365,
-4.20833,4.20833,
-4.20303,4.20303,
-4.19773,4.19773,
-4.19245,4.19245,
-4.18719,4.18719,
-4.18193,4.18193,
-4.17669,4.17669,
-4.17146,4.17146,
-4.16625,4.16625,
-4.16105,4.16105,
-4.15586,4.15586,
-4.15068,4.15068,
-4.14552,4.14552,
-4.14037,4.14037,
-4.13524,4.13524,
-4.13011,4.13011,
-4.125,4.125,
-4.1199,4.1199,
-4.11481,4.11481,
-4.10974,4.10974,
-4.10468,4.10468,
-4.09963,4.09963,
-4.09459,4.09459,
-4.08957,4.08957,
-4.08456,4.08456,
-4.07956,4.07956,
-4.07457,4.07457,
-4.0696,4.0696,
-4.06463,4.06463,
-4.05968,4.05968,
-4.05474,4.05474,
-4.04982,4.04982,
-4.0449,4.0449,
-4.04,4.04,
-4.03511,4.03511,
-4.03023,4.03023,
-4.02536,4.02536,
-4.02051,4.02051,
-4.01566,4.01566,
-4.01083,4.01083,
-4.00601,4.00601,
-4.0012,4.0012,
-3.9964,3.9964,
-3.99162,3.99162,
-3.98684,3.98684,
-3.98208,3.98208,
-3.97733,3.97733,
-3.97259,3.97259,
-3.96786,3.96786,
-3.96314,3.96314,
-3.95843,3.95843,
-3.95374,3.95374,
-3.94905,3.94905,
-3.94438,3.94438,
-3.93972,3.93972,
-3.93506,3.93506,
-3.93042,3.93042,
-3.9258,3.9258,
-3.92118,3.92118,
-3.91657,3.91657,
-3.91197,3.91197,
-3.90739,3.90739,
-3.90281,3.90281,
-3.89825,3.89825,
-3.89369,3.89369,
-3.88915,3.88915,
-3.88462,3.88462,
-3.88009,3.88009,
-3.87558,3.87558,
-3.87108,3.87108,
-3.86659,3.86659,
-3.86211,3.86211,
-3.85764,3.85764,
-3.85318,3.85318,
-3.84873,3.84873,
-3.84429,3.84429,
-3.83986,3.83986,
-3.83544,3.83544,
-3.83103,3.83103,
-3.82664,3.82664,
-3.82225,3.82225,
-3.81787,3.81787,
-3.8135,3.8135,
-3.80914,3.80914,
-3.80479,3.80479,
-3.80046,3.80046,
-3.79613,3.79613,
-3.79181,3.79181,
-3.7875,3.7875,
-3.7832,3.7832,
-3.77891,3.77891,
-3.77463,3.77463,
-3.77036,3.77036,
-3.7661,3.7661,
-3.76185,3.76185,
-3.75761,3.75761,
-3.75338,3.75338,
-3.74916,3.74916,
-3.74494,3.74494,
-3.74074,3.74074,
-3.73655,3.73655,
-3.73236,3.73236,
-3.72819,3.72819,
-3.72402,3.72402,
-3.71987,3.71987,
-3.71572,3.71572,
-3.71158,3.71158,
-3.70745,3.70745,
-3.70333,3.70333,
-3.69922,3.69922,
-3.69512,3.69512,
-3.69103,3.69103,
-3.68695,3.68695,
-3.68287,3.68287,
-3.67881,3.67881,
-3.67475,3.67475,
-3.6707,3.6707,
-3.66667,3.66667,
-3.66264,3.66264,
-3.65862,3.65862,
-3.65461,3.65461,
-3.6506,3.6506,
-3.64661,3.64661,
-3.64262,3.64262,
-3.63865,3.63865,
-3.63468,3.63468,
-3.63072,3.63072,
-3.62677,3.62677,
-3.62283,3.62283,
-3.61889,3.61889,
-3.61497,3.61497,
-3.61105,3.61105,
-3.60714,3.60714,
-3.60324,3.60324,
-3.59935,3.59935,
-3.59547,3.59547,
-3.59159,3.59159,
-3.58773,3.58773,
-3.58387,3.58387,
-3.58002,3.58002,
-3.57618,3.57618,
-3.57235,3.57235,
-3.56852,3.56852,
-3.56471,3.56471,
-3.5609,3.5609,
-3.5571,3.5571,
-3.5533,3.5533,
-3.54952,3.54952,
-3.54574,3.54574,
-3.54198,3.54198,
-3.53822,3.53822,
-3.53446,3.53446,
-3.53072,3.53072,
-3.52698,3.52698,
-3.52326,3.52326,
-3.51954,3.51954,
-3.51582,3.51582,
-3.51212,3.51212,
-3.50842,3.50842,
-3.50473,3.50473,
-3.50105,3.50105,
-3.49738,3.49738,
-3.49371,3.49371,
-3.49005,3.49005,
-3.4864,3.4864,
-3.48276,3.48276,
-3.47912,3.47912,
-3.4755,3.4755,
-3.47187,3.47187,
-3.46826,3.46826,
-3.46466,3.46466,
-3.46106,3.46106,
-3.45747,3.45747,
-3.45389,3.45389,
-3.45031,3.45031,
-3.44674,3.44674,
-3.44318,3.44318,
-3.43963,3.43963,
-3.43608,3.43608,
-3.43254,3.43254,
-3.42901,3.42901,
-3.42549,3.42549,
-3.42197,3.42197,
-3.41846,3.41846,
-3.41496,3.41496,
-3.41146,3.41146,
-3.40798,3.40798,
-3.40449,3.40449,
-3.40102,3.40102,
-3.39755,3.39755,
-3.39409,3.39409,
-3.39064,3.39064,
-3.3872,3.3872,
-3.38376,3.38376,
-3.38032,3.38032,
-3.3769,3.3769,
-3.37348,3.37348,
-3.37007,3.37007,
-3.36667,3.36667,
-3.36327,3.36327,
-3.35988,3.35988,
-3.3565,3.3565,
-3.35312,3.35312,
-3.34975,3.34975,
-3.34639,3.34639,
-3.34303,3.34303,
-3.33968,3.33968,
-3.33634,3.33634,
-3.333,3.333,
-3.32967,3.32967,
-3.32635,3.32635,
-3.32303,3.32303,
-3.31972,3.31972,
-3.31642,3.31642,
-3.31312,3.31312,
-3.30983,3.30983,
-3.30655,3.30655,
-3.30327,3.30327,
-3.3,3.3,
-3.29674,3.29674,
-3.29348,3.29348,
-3.29023,3.29023,
-3.28698,3.28698,
-3.28374,3.28374,
-3.28051,3.28051,
-3.27729,3.27729,
-3.27407,3.27407,
-3.27085,3.27085,
-3.26765,3.26765,
-3.26445,3.26445,
-3.26125,3.26125,
-3.25806,3.25806,
-3.25488,3.25488,
-3.25171,3.25171,
-3.24854,3.24854,
-3.24537,3.24537,
-3.24222,3.24222,
-3.23907,3.23907,
-3.23592,3.23592,
-3.23278,3.23278,
-3.22965,3.22965,
-3.22652,3.22652,
-3.2234,3.2234,
-3.22029,3.22029,
-3.21718,3.21718,
-3.21408,3.21408,
-3.21098,3.21098,
-3.20789,3.20789,
-3.20481,3.20481,
-3.20173,3.20173,
-3.19866,3.19866,
-3.19559,3.19559,
-3.19253,3.19253,
-3.18947,3.18947,
-3.18642,3.18642,
-3.18338,3.18338,
-3.18034,3.18034,
-3.17731,3.17731,
-3.17429,3.17429,
-3.17127,3.17127,
-3.16825,3.16825,
-3.16524,3.16524,
-3.16224,3.16224,
-3.15924,3.15924,
-3.15625,3.15625,
-3.15326,3.15326,
-3.15028,3.15028,
-3.14731,3.14731,
-3.14434,3.14434,
-3.14138,3.14138,
-3.13842,3.13842,
-3.13547,3.13547,
-3.13252,3.13252,
-3.12958,3.12958,
-3.12664,3.12664,
-3.12371,3.12371,
-3.12079,3.12079,
-3.11787,3.11787,
-3.11495,3.11495,
-3.11204,3.11204,
-3.10914,3.10914,
-3.10624,3.10624,
-3.10335,3.10335,
-3.10047,3.10047,
-3.09758,3.09758,
-3.09471,3.09471,
-3.09184,3.09184,
-3.08897,3.08897,
-3.08611,3.08611,
-3.08326,3.08326,
-3.08041,3.08041,
-3.07756,3.07756,
-3.07472,3.07472,
-3.07189,3.07189,
-3.06906,3.06906,
-3.06624,3.06624,
-3.06342,3.06342,
-3.06061,3.06061,
-3.0578,3.0578,
-3.055,3.055,
-3.0522,3.0522,
-3.04941,3.04941,
-3.04662,3.04662,
-3.04384,3.04384,
-3.04106,3.04106,
-3.03829,3.03829,
-3.03552,3.03552,
-3.03276,3.03276,
-3.03,3.03,
-3.02725,3.02725,
-3.0245,3.0245,
-3.02176,3.02176,
-3.01902,3.01902,
-3.01629,3.01629,
-3.01356,3.01356,
-3.01084,3.01084,
-3.00812,3.00812,
-3.00541,3.00541,
-3.0027,3.0027,
-3,3,
-2.9973,2.9973,
-2.99461,2.99461,
-2.99192,2.99192,
-2.98924,2.98924,
-2.98656,2.98656,
-2.98389,2.98389,
-2.98122,2.98122,
-2.97855,2.97855,
-2.97589,2.97589,
-2.97324,2.97324,
-2.97059,2.97059,
-2.96794,2.96794,
-2.9653,2.9653,
-2.96267,2.96267,
-2.96004,2.96004,
-2.95741,2.95741,
-2.95479,2.95479,
-2.95217,2.95217,
-2.94956,2.94956,
-2.94695,2.94695,
-2.94435,2.94435,
-2.94175,2.94175,
-2.93915,2.93915,
-2.93656,2.93656,
-2.93398,2.93398,
-2.9314,2.9314,
-2.92882,2.92882,
-2.92625,2.92625,
-2.92368,2.92368,
-2.92112,2.92112,
-2.91856,2.91856,
-2.91601,2.91601,
-2.91346,2.91346,
-2.91092,2.91092,
-2.90838,2.90838,
-2.90584,2.90584,
-2.90331,2.90331,
-2.90078,2.90078,
-2.89826,2.89826,
-2.89574,2.89574,
-2.89323,2.89323,
-2.89072,2.89072,
-2.88821,2.88821,
-2.88571,2.88571,
-2.88322,2.88322,
-2.88073,2.88073,
-2.87824,2.87824,
-2.87575,2.87575,
-2.87328,2.87328,
-2.8708,2.8708,
-2.86833,2.86833,
-2.86586,2.86586,
-2.8634,2.8634,
-2.86094,2.86094,
-2.85849,2.85849,
-2.85604,2.85604,
-2.8536,2.8536,
-2.85115,2.85115,
-2.84872,2.84872,
-2.84629,2.84629,
-2.84386,2.84386,
-2.84143,2.84143,
-2.83901,2.83901,
-2.8366,2.8366,
-2.83418,2.83418,
-2.83178,2.83178,
-2.82937,2.82937,
-2.82697,2.82697,
-2.82458,2.82458,
-2.82218,2.82218,
-2.8198,2.8198,
-2.81741,2.81741,
-2.81503,2.81503,
-2.81266,2.81266,
-2.81029,2.81029,
-2.80792,2.80792,
-2.80556,2.80556,
-2.8032,2.8032,
-2.80084,2.80084,
-2.79849,2.79849,
-2.79614,2.79614,
-2.7938,2.7938,
-2.79146,2.79146,
-2.78912,2.78912,
-2.78679,2.78679,
-2.78446,2.78446,
-2.78214,2.78214,
-2.77982,2.77982,
-2.7775,2.7775,
-2.77519,2.77519,
-2.77288,2.77288,
-2.77057,2.77057,
-2.76827,2.76827,
-2.76598,2.76598,
-2.76368,2.76368,
-2.76139,2.76139,
-2.75911,2.75911,
-2.75682,2.75682,
-2.75455,2.75455,
-2.75227,2.75227,
-2.75,2.75,
-2.74773,2.74773,
-2.74547,2.74547,
-2.74321,2.74321,
-2.74095,2.74095,
-2.7387,2.7387,
-2.73645,2.73645,
-2.73421,2.73421,
-2.73197,2.73197,
-2.72973,2.72973,
-2.7275,2.7275,
-2.72527,2.72527,
-2.72304,2.72304,
-2.72082,2.72082,
-2.7186,2.7186,
-2.71638,2.71638,
-2.71417,2.71417,
-2.71196,2.71196,
-2.70976,2.70976,
-2.70755,2.70755,
-2.70536,2.70536,
-2.70316,2.70316,
-2.70097,2.70097,
-2.69879,2.69879,
-2.6966,2.6966,
-2.69442,2.69442,
-2.69225,2.69225,
-2.69007,2.69007,
-2.6879,2.6879,
-2.68574,2.68574,
-2.68357,2.68357,
-2.68142,2.68142,
-2.67926,2.67926,
-2.67711,2.67711,
-2.67496,2.67496,
-2.67281,2.67281,
-2.67067,2.67067,
-2.66853,2.66853,
-2.6664,2.6664,
-2.66427,2.66427,
-2.66214,2.66214,
-2.66002,2.66002,
-2.65789,2.65789,
-2.65578,2.65578,
-2.65366,2.65366,
-2.65155,2.65155,
-2.64944,2.64944,
-2.64734,2.64734,
-2.64524,2.64524,
-2.64314,2.64314,
-2.64105,2.64105,
-2.63895,2.63895,
-2.63687,2.63687,
-2.63478,2.63478,
-2.6327,2.6327,
-2.63062,2.63062,
-2.62855,2.62855,
-2.62648,2.62648,
-2.62441,2.62441,
-2.62234,2.62234,
-2.62028,2.62028,
-2.61822,2.61822,
-2.61617,2.61617,
-2.61412,2.61412,
-2.61207,2.61207,
-2.61002,2.61002,
-2.60798,2.60798,
-2.60594,2.60594,
-2.60391,2.60391,
-2.60187,2.60187,
-2.59984,2.59984,
-2.59782,2.59782,
-2.59579,2.59579,
-2.59377,2.59377,
-2.59176,2.59176,
-2.58974,2.58974,
-2.58773,2.58773,
-2.58573,2.58573,
-2.58372,2.58372,
-2.58172,2.58172,
-2.57972,2.57972,
-2.57773,2.57773,
-2.57573,2.57573,
-2.57375,2.57375,
-2.57176,2.57176,
-2.56978,2.56978,
-2.5678,2.5678,
-2.56582,2.56582,
-2.56385,2.56385,
-2.56188,2.56188,
-2.55991,2.55991,
-2.55794,2.55794,
-2.55598,2.55598,
-2.55402,2.55402,
-2.55207,2.55207,
-2.55011,2.55011,
-2.54817,2.54817,
-2.54622,2.54622,
-2.54427,2.54427,
-2.54233,2.54233,
-2.5404,2.5404,
-2.53846,2.53846,
-2.53653,2.53653,
-2.5346,2.5346,
-2.53267,2.53267,
-2.53075,2.53075,
-2.52883,2.52883,
-2.52691,2.52691,
-2.525,2.525,
-2.52309,2.52309,
-2.52118,2.52118,
-2.51927,2.51927,
-2.51737,2.51737,
-2.51547,2.51547,
-2.51357,2.51357,
-2.51168,2.51168,
-2.50979,2.50979,
-2.5079,2.5079,
-2.50602,2.50602,
-2.50413,2.50413,
-2.50225,2.50225,
-2.50038,2.50038,
-2.4985,2.4985,
-2.49663,2.49663,
-2.49476,2.49476,
-2.49289,2.49289,
-2.49103,2.49103,
-2.48917,2.48917,
-2.48731,2.48731,
-2.48546,2.48546,
-2.48361,2.48361,
-2.48176,2.48176,
-2.47991,2.47991,
-2.47807,2.47807,
-2.47623,2.47623,
-2.47439,2.47439,
-2.47255,2.47255,
-2.47072,2.47072,
-2.46889,2.46889,
-2.46706,2.46706,
-2.46524,2.46524,
-2.46341,2.46341,
-2.4616,2.4616,
-2.45978,2.45978,
-2.45796,2.45796,
-2.45615,2.45615,
-2.45434,2.45434,
-2.45254,2.45254,
-2.45074,2.45074,
-2.44893,2.44893,
-2.44714,2.44714,
-2.44534,2.44534,
-2.44355,2.44355,
-2.44176,2.44176,
-2.43997,2.43997,
-2.43819,2.43819,
-2.4364,2.4364,
-2.43462,2.43462,
-2.43285,2.43285,
-2.43107,2.43107,
-2.4293,2.4293,
-2.42753,2.42753,
-2.42576,2.42576,
-2.424,2.424,
-2.42224,2.42224,
-2.42048,2.42048,
-2.41872,2.41872,
-2.41697,2.41697,
-2.41522,2.41522,
-2.41347,2.41347,
-2.41172,2.41172,
-2.40998,2.40998,
-2.40824,2.40824,
-2.4065,2.4065,
-2.40476,2.40476,
-2.40303,2.40303,
-2.4013,2.4013,
-2.39957,2.39957,
-2.39784,2.39784,
-2.39612,2.39612,
-2.3944,2.3944,
-2.39268,2.39268,
-2.39096,2.39096,
-2.38925,2.38925,
-2.38754,2.38754,
-2.38583,2.38583,
-2.38412,2.38412,
-2.38242,2.38242,
-2.38071,2.38071,
-2.37901,2.37901,
-2.37732,2.37732,
-2.37562,2.37562,
-2.37393,2.37393,
-2.37224,2.37224,
-2.37055,2.37055,
-2.36887,2.36887,
-2.36719,2.36719,
-2.36551,2.36551,
-2.36383,2.36383,
-2.36215,2.36215,
-2.36048,2.36048,
-2.35881,2.35881,
-2.35714,2.35714,
-2.35548,2.35548,
-2.35381,2.35381,
-2.35215,2.35215,
-2.35049,2.35049,
-2.34884,2.34884,
-2.34718,2.34718,
-2.34553,2.34553,
-2.34388,2.34388,
-2.34223,2.34223,
-2.34059,2.34059,
-2.33895,2.33895,
-2.33731,2.33731,
-2.33567,2.33567,
-2.33403,2.33403,
-2.3324,2.3324,
-2.33077,2.33077,
-2.32914,2.32914,
-2.32751,2.32751,
-2.32589,2.32589,
-2.32427,2.32427,
-2.32265,2.32265,
-2.32103,2.32103,
-2.31942,2.31942,
-2.3178,2.3178,
-2.31619,2.31619,
-2.31458,2.31458,
-2.31298,2.31298,
-2.31137,2.31137,
-2.30977,2.30977,
-2.30817,2.30817,
-2.30657,2.30657,
-2.30498,2.30498,
-2.30339,2.30339,
-2.3018,2.3018,
-2.30021,2.30021,
-2.29862,2.29862,
-2.29704,2.29704,
-2.29545,2.29545,
-2.29387,2.29387,
-2.2923,2.2923,
-2.29072,2.29072,
-2.28915,2.28915,
-2.28758,2.28758,
-2.28601,2.28601,
-2.28444,2.28444,
-2.28288,2.28288,
-2.28131,2.28131,
-2.27975,2.27975,
-2.2782,2.2782,
-2.27664,2.27664,
-2.27509,2.27509,
-2.27353,2.27353,
-2.27198,2.27198,
-2.27044,2.27044,
-2.26889,2.26889,
-2.26735,2.26735,
-2.26581,2.26581,
-2.26427,2.26427,
-2.26273,2.26273,
-2.26119,2.26119,
-2.25966,2.25966,
-2.25813,2.25813,
-2.2566,2.2566,
-2.25507,2.25507,
-2.25355,2.25355,
-2.25203,2.25203,
-2.25051,2.25051,
-2.24899,2.24899,
-2.24747,2.24747,
-2.24596,2.24596,
-2.24444,2.24444,
-2.24293,2.24293,
-2.24143,2.24143,
-2.23992,2.23992,
-2.23842,2.23842,
-2.23691,2.23691,
-2.23541,2.23541,
-2.23391,2.23391,
-2.23242,2.23242,
-2.23092,2.23092,
-2.22943,2.22943,
-2.22794,2.22794,
-2.22645,2.22645,
-2.22497,2.22497,
-2.22348,2.22348,
-2.222,2.222,
-2.22052,2.22052,
-2.21904,2.21904,
-2.21756,2.21756,
-2.21609,2.21609,
-2.21462,2.21462,
-2.21315,2.21315,
-2.21168,2.21168,
-2.21021,2.21021,
-2.20875,2.20875,
-2.20728,2.20728,
-2.20582,2.20582,
-2.20437,2.20437,
-2.20291,2.20291,
-2.20145,2.20145,
-2.2,2.2,
-2.19855,2.19855,
-2.1971,2.1971,
-2.19565,2.19565,
-2.19421,2.19421,
-2.19276,2.19276,
-2.19132,2.19132,
-2.18988,2.18988,
-2.18844,2.18844,
-2.18701,2.18701,
-2.18557,2.18557,
-2.18414,2.18414,
-2.18271,2.18271,
-2.18128,2.18128,
-2.17986,2.17986,
-2.17843,2.17843,
-2.17701,2.17701,
-2.17559,2.17559,
-2.17417,2.17417,
-2.17275,2.17275,
-2.17134,2.17134,
-2.16992,2.16992,
-2.16851,2.16851,
-2.1671,2.1671,
-2.16569,2.16569,
-2.16429,2.16429,
-2.16288,2.16288,
-2.16148,2.16148,
-2.16008,2.16008,
-2.15868,2.15868,
-2.15728,2.15728,
-2.15589,2.15589,
-2.15449,2.15449,
-2.1531,2.1531,
-2.15171,2.15171,
-2.15032,2.15032,
-2.14894,2.14894,
-2.14755,2.14755,
-2.14617,2.14617,
-2.14479,2.14479,
-2.14341,2.14341,
-2.14203,2.14203,
-2.14066,2.14066,
-2.13928,2.13928,
-2.13791,2.13791,
-2.13654,2.13654,
-2.13517,2.13517,
-2.1338,2.1338,
-2.13244,2.13244,
-2.13107,2.13107,
-2.12971,2.12971,
-2.12835,2.12835,
-2.12699,2.12699,
-2.12564,2.12564,
-2.12428,2.12428,
-2.12293,2.12293,
-2.12158,2.12158,
-2.12023,2.12023,
-2.11888,2.11888,
-2.11753,2.11753,
-2.11619,2.11619,
-2.11485,2.11485,
-2.11351,2.11351,
-2.11217,2.11217,
-2.11083,2.11083,
-2.10949,2.10949,
-2.10816,2.10816,
-2.10683,2.10683,
-2.1055,2.1055,
-2.10417,2.10417,
-2.10284,2.10284,
-2.10151,2.10151,
-2.10019,2.10019,
-2.09887,2.09887,
-2.09755,2.09755,
-2.09623,2.09623,
-2.09491,2.09491,
-2.09359,2.09359,
-2.09228,2.09228,
-2.09097,2.09097,
-2.08966,2.08966,
-2.08835,2.08835,
-2.08704,2.08704,
-2.08573,2.08573,
-2.08443,2.08443,
-2.08312,2.08312,
-2.08182,2.08182,
-2.08052,2.08052,
-2.07923,2.07923,
-2.07793,2.07793,
-2.07664,2.07664,
-2.07534,2.07534,
-2.07405,2.07405,
-2.07276,2.07276,
-2.07147,2.07147,
-2.07019,2.07019,
-2.0689,2.0689,
-2.06762,2.06762,
-2.06634,2.06634,
-2.06506,2.06506,
-2.06378,2.06378,
-2.0625,2.0625,
-2.06122,2.06122,
-2.05995,2.05995,
-2.05868,2.05868,
-2.05741,2.05741,
-2.05614,2.05614,
-2.05487,2.05487,
-2.0536,2.0536,
-2.05234,2.05234,
-2.05108,2.05108,
-2.04982,2.04982,
-2.04856,2.04856,
-2.0473,2.0473,
-2.04604,2.04604,
-2.04479,2.04479,
-2.04353,2.04353,
-2.04228,2.04228,
-2.04103,2.04103,
-2.03978,2.03978,
-2.03853,2.03853,
-2.03729,2.03729,
-2.03604,2.03604,
-2.0348,2.0348,
-2.03356,2.03356,
-2.03232,2.03232,
-2.03108,2.03108,
-2.02984,2.02984,
-2.02861,2.02861,
-2.02737,2.02737,
-2.02614,2.02614,
-2.02491,2.02491,
-2.02368,2.02368,
-2.02245,2.02245,
-2.02122,2.02122,
-2.02,2.02,
-2.01878,2.01878,
-2.01755,2.01755,
-2.01633,2.01633,
-2.01511,2.01511,
-2.0139,2.0139,
-2.01268,2.01268,
-2.01147,2.01147,
-2.01025,2.01025,
-2.00904,2.00904,
-2.00783,2.00783,
-2.00662,2.00662,
-2.00542,2.00542,
-2.00421,2.00421,
-2.003,2.003,
-2.0018,2.0018,
-2.0006,2.0006,
-0.19994,0.19994,
-0.19982,0.19982,
-0.1997,0.1997,
-0.199581,0.199581,
-0.199461,0.199461,
-0.199342,0.199342,
-0.199223,0.199223,
-0.199104,0.199104,
-0.198985,0.198985,
-0.198866,0.198866,
-0.198748,0.198748,
-0.198629,0.198629,
-0.198511,0.198511,
-0.198393,0.198393,
-0.198275,0.198275,
-0.198157,0.198157,
-0.198039,0.198039,
-0.197922,0.197922,
-0.197804,0.197804,
-0.197687,0.197687,
-0.19757,0.19757,
-0.197453,0.197453,
-0.197336,0.197336,
-0.197219,0.197219,
-0.197102,0.197102,
-0.196986,0.196986,
-0.196869,0.196869,
-0.196753,0.196753,
-0.196637,0.196637,
-0.196521,0.196521,
-0.196405,0.196405,
-0.19629,0.19629,
-0.196174,0.196174,
-0.196059,0.196059,
-0.195944,0.195944,
-0.195828,0.195828,
-0.195713,0.195713,
-0.195599,0.195599,
-0.195484,0.195484,
-0.195369,0.195369,
-0.195255,0.195255,
-0.195141,0.195141,
-0.195026,0.195026,
-0.194912,0.194912,
-0.194798,0.194798,
-0.194685,0.194685,
-0.194571,0.194571,
-0.194457,0.194457,
-0.194344,0.194344,
-0.194231,0.194231,
-0.194118,0.194118,
-0.194005,0.194005,
-0.193892,0.193892,
-0.193779,0.193779,
-0.193666,0.193666,
-0.193554,0.193554,
-0.193442,0.193442,
-0.193329,0.193329,
-0.193217,0.193217,
-0.193105,0.193105,
-0.192994,0.192994,
-0.192882,0.192882,
-0.19277,0.19277,
-0.192659,0.192659,
-0.192548,0.192548,
-0.192436,0.192436,
-0.192325,0.192325,
-0.192215,0.192215,
-0.192104,0.192104,
-0.191993,0.191993,
-0.191883,0.191883,
-0.191772,0.191772,
-0.191662,0.191662,
-0.191552,0.191552,
-0.191442,0.191442,
-0.191332,0.191332,
-0.191222,0.191222,
-0.191112,0.191112,
-0.191003,0.191003,
-0.190893,0.190893,
-0.190784,0.190784,
-0.190675,0.190675,
-0.190566,0.190566,
-0.190457,0.190457,
-0.190348,0.190348,
-0.19024,0.19024,
-0.190131,0.190131,
-0.190023,0.190023,
-0.189915,0.189915,
-0.189806,0.189806,
-0.189698,0.189698,
-0.18959,0.18959,
-0.189483,0.189483,
-0.189375,0.189375,
-0.189267,0.189267,
-0.18916,0.18916,
-0.189053,0.189053,
-0.188946,0.188946,
-0.188839,0.188839,
-0.188732,0.188732,
-0.188625,0.188625,
-0.188518,0.188518,
-0.188412,0.188412,
-0.188305,0.188305,
-0.188199,0.188199,
-0.188093,0.188093,
-0.187986,0.187986,
-0.18788,0.18788,
-0.187775,0.187775,
-0.187669,0.187669,
-0.187563,0.187563,
-0.187458,0.187458,
-0.187352,0.187352,
-0.187247,0.187247,
-0.187142,0.187142,
-0.187037,0.187037,
-0.186932,0.186932,
-0.186827,0.186827,
-0.186723,0.186723,
-0.186618,0.186618,
-0.186514,0.186514,
-0.186409,0.186409,
-0.186305,0.186305,
-0.186201,0.186201,
-0.186097,0.186097,
-0.185993,0.185993,
-0.18589,0.18589,
-0.185786,0.185786,
-0.185682,0.185682,
-0.185579,0.185579,
-0.185476,0.185476,
-0.185373,0.185373,
-0.18527,0.18527,
-0.185167,0.185167,
-0.185064,0.185064,
-0.184961,0.184961,
-0.184859,0.184859,
-0.184756,0.184756,
-0.184654,0.184654,
-0.184551,0.184551,
-0.184449,0.184449,
-0.184347,0.184347,
-0.184245,0.184245,
-0.184144,0.184144,
-0.184042,0.184042,
-0.18394,0.18394,
-0.183839,0.183839,
-0.183738,0.183738,
-0.183636,0.183636,
-0.183535,0.183535,
-0.183434,0.183434,
-0.183333,0.183333,
-0.183233,0.183233,
-0.183132,0.183132,
-0.183031,0.183031,
-0.182931,0.182931,
-0.18283,0.18283,
-0.18273,0.18273,
-0.18263,0.18263,
-0.18253,0.18253,
-0.18243,0.18243,
-0.18233,0.18233,
-0.182231,0.182231,
-0.182131,0.182131,
-0.182032,0.182032,
-0.181932,0.181932,
-0.181833,0.181833,
-0.181734,0.181734,
-0.181635,0.181635,
-0.181536,0.181536,
-0.181437,0.181437,
-0.181338,0.181338,
-0.18124,0.18124,
-0.181141,0.181141,
-0.181043,0.181043,
-0.180945,0.180945,
-0.180846,0.180846,
-0.180748,0.180748,
-0.18065,0.18065,
-0.180553,0.180553,
-0.180455,0.180455,
-0.180357,0.180357,
-0.18026,0.18026,
-0.180162,0.180162,
-0.180065,0.180065,
-0.179968,0.179968,
-0.17987,0.17987,
-0.179773,0.179773,
-0.179677,0.179677,
-0.17958,0.17958,
-0.179483,0.179483,
-0.179386,0.179386,
-0.17929,0.17929,
-0.179194,0.179194,
-0.179097,0.179097,
-0.179001,0.179001,
-0.178905,0.178905,
-0.178809,0.178809,
-0.178713,0.178713,
-0.178617,0.178617,
-0.178522,0.178522,
-0.178426,0.178426,
-0.178331,0.178331,
-0.178235,0.178235,
-0.17814,0.17814,
-0.178045,0.178045,
-0.17795,0.17795,
-0.177855,0.177855,
-0.17776,0.17776,
-0.177665,0.177665,
-0.177571,0.177571,
-0.177476,0.177476,
-0.177382,0.177382,
-0.177287,0.177287,
-0.177193,0.177193,
-0.177099,0.177099,
-0.177005,0.177005,
-0.176911,0.176911,
-0.176817,0.176817,
-0.176723,0.176723,
-0.17663,0.17663,
-0.176536,0.176536,
-0.176443,0.176443,
-0.176349,0.176349,
-0.176256,0.176256,
-0.176163,0.176163,
-0.17607,0.17607,
-0.175977,0.175977,
-0.175884,0.175884,
-0.175791,0.175791,
-0.175698,0.175698,
-0.175606,0.175606,
-0.175513,0.175513,
-0.175421,0.175421,
-0.175329,0.175329,
-0.175237,0.175237,
-0.175145,0.175145,
-0.175053,0.175053,
-0.174961,0.174961,
-0.174869,0.174869,
-0.174777,0.174777,
-0.174686,0.174686,
-0.174594,0.174594,
-0.174503,0.174503,
-0.174411,0.174411,
-0.17432,0.17432,
-0.174229,0.174229,
-0.174138,0.174138,
-0.174047,0.174047,
-0.173956,0.173956,
-0.173865,0.173865,
-0.173775,0.173775,
-0.173684,0.173684,
-0.173594,0.173594,
-0.173503,0.173503,
-0.173413,0.173413,
-0.173323,0.173323,
-0.173233,0.173233,
-0.173143,0.173143,
-0.173053,0.173053,
-0.172963,0.172963,
-0.172873,0.172873,
-0.172784,0.172784,
-0.172694,0.172694,
-0.172605,0.172605,
-0.172516,0.172516,
-0.172426,0.172426,
-0.172337,0.172337,
-0.172248,0.172248,
-0.172159,0.172159,
-0.17207,0.17207,
-0.171981,0.171981,
-0.171893,0.171893,
-0.171804,0.171804,
-0.171716,0.171716,
-0.171627,0.171627,
-0.171539,0.171539,
-0.171451,0.171451,
-0.171362,0.171362,
-0.171274,0.171274,
-0.171186,0.171186,
-0.171099,0.171099,
-0.171011,0.171011,
-0.170923,0.170923,
-0.170835,0.170835,
-0.170748,0.170748,
-0.170661,0.170661,
-0.170573,0.170573,
-0.170486,0.170486,
-0.170399,0.170399,
-0.170312,0.170312,
-0.170225,0.170225,
-0.170138,0.170138,
-0.170051,0.170051,
-0.169964,0.169964,
-0.169878,0.169878,
-0.169791,0.169791,
-0.169705,0.169705,
-0.169618,0.169618,
-0.169532,0.169532,
-0.169446,0.169446,
-0.16936,0.16936,
-0.169274,0.169274,
-0.169188,0.169188,
-0.169102,0.169102,
-0.169016,0.169016,
-0.168931,0.168931,
-0.168845,0.168845,
-0.168759,0.168759,
-0.168674,0.168674,
-0.168589,0.168589,
-0.168504,0.168504,
-0.168418,0.168418,
-0.168333,0.168333,
-0.168248,0.168248,
-0.168163,0.168163,
-0.168079,0.168079,
-0.167994,0.167994,
-0.167909,0.167909,
-0.167825,0.167825,
-0.16774,0.16774,
-0.167656,0.167656,
-0.167572,0.167572,
-0.167487,0.167487,
-0.167403,0.167403,
-0.167319,0.167319,
-0.167235,0.167235,
-0.167151,0.167151,
-0.167068,0.167068,
-0.166984,0.166984,
-0.1669,0.1669,
-0.166817,0.166817,
-0.166733,0.166733,
-0.16665,0.16665,
-0.166567,0.166567,
-0.166484,0.166484,
-0.1664,0.1664,
-0.166317,0.166317,
-0.166234,0.166234,
-0.166152,0.166152,
-0.166069,0.166069,
-0.165986,0.165986,
-0.165903,0.165903,
-0.165821,0.165821,
-0.165738,0.165738,
-0.165656,0.165656,
-0.165574,0.165574,
-0.165492,0.165492,
-0.165409,0.165409,
-0.165327,0.165327,
-0.165245,0.165245,
-0.165164,0.165164,
-0.165082,0.165082,
-0.165,0.165,
-0.164918,0.164918,
-0.164837,0.164837,
-0.164755,0.164755,
-0.164674,0.164674,
-0.164593,0.164593,
-0.164511,0.164511,
-0.16443,0.16443,
-0.164349,0.164349,
-0.164268,0.164268,
-0.164187,0.164187,
-0.164106,0.164106,
-0.164026,0.164026,
-0.163945,0.163945,
-0.163864,0.163864,
-0.163784,0.163784,
-0.163703,0.163703,
-0.163623,0.163623,
-0.163543,0.163543,
-0.163462,0.163462,
-0.163382,0.163382,
-0.163302,0.163302,
-0.163222,0.163222,
-0.163142,0.163142,
-0.163063,0.163063,
-0.162983,0.162983,
-0.162903,0.162903,
-0.162824,0.162824,
-0.162744,0.162744,
-0.162665,0.162665,
-0.162585,0.162585,
-0.162506,0.162506,
-0.162427,0.162427,
-0.162348,0.162348,
-0.162269,0.162269,
-0.16219,0.16219,
-0.162111,0.162111,
-0.162032,0.162032,
-0.161953,0.161953,
-0.161875,0.161875,
-0.161796,0.161796,
-0.161718,0.161718,
-0.161639,0.161639,
-0.161561,0.161561,
-0.161483,0.161483,
-0.161404,0.161404,
-0.161326,0.161326,
-0.161248,0.161248,
-0.16117,0.16117,
-0.161092,0.161092,
-0.161014,0.161014,
-0.160937,0.160937,
-0.160859,0.160859,
-0.160781,0.160781,
-0.160704,0.160704,
-0.160627,0.160627,
-0.160549,0.160549,
-0.160472,0.160472,
-0.160395,0.160395,
-0.160317,0.160317,
-0.16024,0.16024,
-0.160163,0.160163,
-0.160086,0.160086,
-0.16001,0.16001,
-0.159933,0.159933,
-0.159856,0.159856,
-0.159779,0.159779,
-0.159703,0.159703,
-0.159626,0.159626,
-0.15955,0.15955,
-0.159474,0.159474,
-0.159397,0.159397,
-0.159321,0.159321,
-0.159245,0.159245,
-0.159169,0.159169,
-0.159093,0.159093,
-0.159017,0.159017,
-0.158941,0.158941,
-0.158866,0.158866,
-0.15879,0.15879,
-0.158714,0.158714,
-0.158639,0.158639,
-0.158563,0.158563,
-0.158488,0.158488,
-0.158413,0.158413,
-0.158337,0.158337,
-0.158262,0.158262,
-0.158187,0.158187,
-0.158112,0.158112,
-0.158037,0.158037,
-0.157962,0.157962,
-0.157887,0.157887,
-0.157812,0.157812,
-0.157738,0.157738,
-0.157663,0.157663,
-0.157589,0.157589,
-0.157514,0.157514,
-0.15744,0.15744,
-0.157365,0.157365,
-0.157291,0.157291,
-0.157217,0.157217,
-0.157143,0.157143,
-0.157069,0.157069,
-0.156995,0.156995,
-0.156921,0.156921,
-0.156847,0.156847,
-0.156773,0.156773,
-0.1567,0.1567,
-0.156626,0.156626,
-0.156552,0.156552,
-0.156479,0.156479,
-0.156405,0.156405,
-0.156332,0.156332,
-0.156259,0.156259,
-0.156186,0.156186,
-0.156112,0.156112,
-0.156039,0.156039,
-0.155966,0.155966,
-0.155893,0.155893,
-0.15582,0.15582,
-0.155748,0.155748,
-0.155675,0.155675,
-0.155602,0.155602,
-0.15553,0.15553,
-0.155457,0.155457,
-0.155385,0.155385,
-0.155312,0.155312,
-0.15524,0.15524,
-0.155168,0.155168,
-0.155095,0.155095,
-0.155023,0.155023,
-0.154951,0.154951,
-0.154879,0.154879,
-0.154807,0.154807,
-0.154735,0.154735,
-0.154664,0.154664,
-0.154592,0.154592,
-0.15452,0.15452,
-0.154449,0.154449,
-0.154377,0.154377,
-0.154306,0.154306,
-0.154234,0.154234,
-0.154163,0.154163,
-0.154092,0.154092,
-0.15402,0.15402,
-0.153949,0.153949,
-0.153878,0.153878,
-0.153807,0.153807,
-0.153736,0.153736,
-0.153665,0.153665,
-0.153594,0.153594,
-0.153524,0.153524,
-0.153453,0.153453,
-0.153382,0.153382,
-0.153312,0.153312,
-0.153241,0.153241,
-0.153171,0.153171,
-0.153101,0.153101,
-0.15303,0.15303,
-0.15296,0.15296,
-0.15289,0.15289,
-0.15282,0.15282,
-0.15275,0.15275,
-0.15268,0.15268,
-0.15261,0.15261,
-0.15254,0.15254,
-0.15247,0.15247,
-0.152401,0.152401,
-0.152331,0.152331,
-0.152261,0.152261,
-0.152192,0.152192,
-0.152122,0.152122,
-0.152053,0.152053,
-0.151984,0.151984,
-0.151914,0.151914,
-0.151845,0.151845,
-0.151776,0.151776,
-0.151707,0.151707,
-0.151638,0.151638,
-0.151569,0.151569,
-0.1515,0.1515,
-0.151431,0.151431,
-0.151362,0.151362,
-0.151294,0.151294,
-0.151225,0.151225,
-0.151156,0.151156,
-0.151088,0.151088,
-0.151019,0.151019,
-0.150951,0.150951,
-0.150883,0.150883,
-0.150814,0.150814,
-0.150746,0.150746,
-0.150678,0.150678,
-0.15061,0.15061,
-0.150542,0.150542,
-0.150474,0.150474,
-0.150406,0.150406,
-0.150338,0.150338,
-0.150271,0.150271,
-0.150203,0.150203,
-0.150135,0.150135,
-0.150068,0.150068,
-0.15,0.15,
-0.149933,0.149933,
-0.149865,0.149865,
-0.149798,0.149798,
-0.14973,0.14973,
-0.149663,0.149663,
-0.149596,0.149596,
-0.149529,0.149529,
-0.149462,0.149462,
-0.149395,0.149395,
-0.149328,0.149328,
-0.149261,0.149261,
-0.149194,0.149194,
-0.149128,0.149128,
-0.149061,0.149061,
-0.148994,0.148994,
-0.148928,0.148928,
-0.148861,0.148861,
-0.148795,0.148795,
-0.148728,0.148728,
-0.148662,0.148662,
-0.148596,0.148596,
-0.148529,0.148529,
-0.148463,0.148463,
-0.148397,0.148397,
-0.148331,0.148331,
-0.148265,0.148265,
-0.148199,0.148199,
-0.148133,0.148133,
-0.148068,0.148068,
-0.148002,0.148002,
-0.147936,0.147936,
-0.14787,0.14787,
-0.147805,0.147805,
-0.147739,0.147739,
-0.147674,0.147674,
-0.147609,0.147609,
-0.147543,0.147543,
-0.147478,0.147478,
-0.147413,0.147413,
-0.147347,0.147347,
-0.147282,0.147282,
-0.147217,0.147217,
-0.147152,0.147152,
-0.147087,0.147087,
-0.147022,0.147022,
-0.146958,0.146958,
-0.146893,0.146893,
-0.146828,0.146828,
-0.146764,0.146764,
-0.146699,0.146699,
-0.146634,0.146634,
-0.14657,0.14657,
-0.146505,0.146505,
-0.146441,0.146441,
-0.146377,0.146377,
-0.146313,0.146313,
-0.146248,0.146248,
-0.146184,0.146184,
-0.14612,0.14612,
-0.146056,0.146056,
-0.145992,0.145992,
-0.145928,0.145928,
-0.145864,0.145864,
-0.145801,0.145801,
-0.145737,0.145737,
-0.145673,0.145673,
-0.145609,0.145609,
-0.145546,0.145546,
-0.145482,0.145482,
-0.145419,0.145419,
-0.145355,0.145355,
-0.145292,0.145292,
-0.145229,0.145229,
-0.145166,0.145166,
-0.145102,0.145102,
-0.145039,0.145039,
-0.144976,0.144976,
-0.144913,0.144913,
-0.14485,0.14485,
-0.144787,0.144787,
-0.144724,0.144724,
-0.144661,0.144661,
-0.144599,0.144599,
-0.144536,0.144536,
-0.144473,0.144473,
-0.144411,0.144411,
-0.144348,0.144348,
-0.144286,0.144286,
-0.144223,0.144223,
-0.144161,0.144161,
-0.144099,0.144099,
-0.144036,0.144036,
-0.143974,0.143974,
-0.143912,0.143912,
-0.14385,0.14385,
-0.143788,0.143788,
-0.143726,0.143726,
-0.143664,0.143664,
-0.143602,0.143602,
-0.14354,0.14354,
-0.143478,0.143478,
-0.143417,0.143417,
-0.143355,0.143355,
-0.143293,0.143293,
-0.143232,0.143232,
-0.14317,0.14317,
-0.143109,0.143109,
-0.143047,0.143047,
-0.142986,0.142986,
-0.142925,0.142925,
-0.142863,0.142863,
-0.142802,0.142802,
-0.142741,0.142741,
-0.14268,0.14268,
-0.142619,0.142619,
-0.142558,0.142558,
-0.142497,0.142497,
-0.142436,0.142436,
-0.142375,0.142375,
-0.142314,0.142314,
-0.142254,0.142254,
-0.142193,0.142193,
-0.142132,0.142132,
-0.142072,0.142072,
-0.142011,0.142011,
-0.141951,0.141951,
-0.14189,0.14189,
-0.14183,0.14183,
-0.141769,0.141769,
-0.141709,0.141709,
-0.141649,0.141649,
-0.141589,0.141589,
-0.141529,0.141529,
-0.141469,0.141469,
-0.141409,0.141409,
-0.141349,0.141349,
-0.141289,0.141289,
-0.141229,0.141229,
-0.141169,0.141169,
-0.141109,0.141109,
-0.14105,0.14105,
-0.14099,0.14099,
-0.14093,0.14093,
-0.140871,0.140871,
-0.140811,0.140811,
-0.140752,0.140752,
-0.140692,0.140692,
-0.140633,0.140633,
-0.140574,0.140574,
-0.140514,0.140514,
-0.140455,0.140455,
-0.140396,0.140396,
-0.140337,0.140337,
-0.140278,0.140278,
-0.140219,0.140219,
-0.14016,0.14016,
-0.140101,0.140101,
-0.140042,0.140042,
-0.139983,0.139983,
-0.139924,0.139924,
-0.139866,0.139866,
-0.139807,0.139807,
-0.139748,0.139748,
-0.13969,0.13969,
-0.139631,0.139631,
-0.139573,0.139573,
-0.139514,0.139514,
-0.139456,0.139456,
-0.139398,0.139398,
-0.139339,0.139339,
-0.139281,0.139281,
-0.139223,0.139223,
-0.139165,0.139165,
-0.139107,0.139107,
-0.139049,0.139049,
-0.138991,0.138991,
-0.138933,0.138933,
-0.138875,0.138875,
-0.138817,0.138817,
-0.138759,0.138759,
-0.138702,0.138702,
-0.138644,0.138644,
-0.138586,0.138586,
-0.138529,0.138529,
-0.138471,0.138471,
-0.138414,0.138414,
-0.138356,0.138356,
-0.138299,0.138299,
-0.138241,0.138241,
-0.138184,0.138184,
-0.138127,0.138127,
-0.13807,0.13807,
-0.138012,0.138012,
-0.137955,0.137955,
-0.137898,0.137898,
-0.137841,0.137841,
-0.137784,0.137784,
-0.137727,0.137727,
-0.13767,0.13767,
-0.137614,0.137614,
-0.137557,0.137557,
-0.1375,0.1375,
-0.137443,0.137443,
-0.137387,0.137387,
-0.13733,0.13733,
-0.137273,0.137273,
-0.137217,0.137217,
-0.13716,0.13716,
-0.137104,0.137104,
-0.137048,0.137048,
-0.136991,0.136991,
-0.136935,0.136935,
-0.136879,0.136879,
-0.136823,0.136823,
-0.136767,0.136767,
-0.13671,0.13671,
-0.136654,0.136654,
-0.136598,0.136598,
-0.136542,0.136542,
-0.136486,0.136486,
-0.136431,0.136431,
-0.136375,0.136375,
-0.136319,0.136319,
-0.136263,0.136263,
-0.136208,0.136208,
-0.136152,0.136152,
-0.136096,0.136096,
-0.136041,0.136041,
-0.135985,0.135985,
-0.13593,0.13593,
-0.135874,0.135874,
-0.135819,0.135819,
-0.135764,0.135764,
-0.135708,0.135708,
-0.135653,0.135653,
-0.135598,0.135598,
-0.135543,0.135543,
-0.135488,0.135488,
-0.135433,0.135433,
-0.135378,0.135378,
-0.135323,0.135323,
-0.135268,0.135268,
-0.135213,0.135213,
-0.135158,0.135158,
-0.135103,0.135103,
-0.135049,0.135049,
-0.134994,0.134994,
-0.134939,0.134939,
-0.134885,0.134885,
-0.13483,0.13483,
-0.134776,0.134776,
-0.134721,0.134721,
-0.134667,0.134667,
-0.134612,0.134612,
-0.134558,0.134558,
-0.134504,0.134504,
-0.134449,0.134449,
-0.134395,0.134395,
-0.134341,0.134341,
-0.134287,0.134287,
-0.134233,0.134233,
-0.134179,0.134179,
-0.134125,0.134125,
-0.134071,0.134071,
-0.134017,0.134017,
-0.133963,0.133963,
-0.133909,0.133909,
-0.133855,0.133855,
-0.133802,0.133802,
-0.133748,0.133748,
-0.133694,0.133694,
-0.133641,0.133641,
-0.133587,0.133587,
-0.133534,0.133534,
-0.13348,0.13348,
-0.133427,0.133427,
-0.133373,0.133373,
-0.013332,0.013332,
-0.0133267,0.0133267,
-0.0133213,0.0133213,
-0.013316,0.013316,
-0.0133107,0.0133107,
-0.0133054,0.0133054,
-0.0133001,0.0133001,
-0.0132948,0.0132948,
-0.0132895,0.0132895,
-0.0132842,0.0132842,
-0.0132789,0.0132789,
-0.0132736,0.0132736,
-0.0132683,0.0132683,
-0.013263,0.013263,
-0.0132578,0.0132578,
-0.0132525,0.0132525,
-0.0132472,0.0132472,
-0.013242,0.013242,
-0.0132367,0.0132367,
-0.0132314,0.0132314,
-0.0132262,0.0132262,
-0.0132209,0.0132209,
-0.0132157,0.0132157,
-0.0132105,0.0132105,
-0.0132052,0.0132052,
-0.0132,0.0132,
-0.0131948,0.0131948,
-0.0131896,0.0131896,
-0.0131843,0.0131843,
-0.0131791,0.0131791,
-0.0131739,0.0131739,
-0.0131687,0.0131687,
-0.0131635,0.0131635,
-0.0131583,0.0131583,
-0.0131531,0.0131531,
-0.0131479,0.0131479,
-0.0131427,0.0131427,
-0.0131376,0.0131376,
-0.0131324,0.0131324,
-0.0131272,0.0131272,
-0.013122,0.013122,
-0.0131169,0.0131169,
-0.0131117,0.0131117,
-0.0131066,0.0131066,
-0.0131014,0.0131014,
-0.0130963,0.0130963,
-0.0130911,0.0130911,
-0.013086,0.013086,
-0.0130808,0.0130808,
-0.0130757,0.0130757,
-0.0130706,0.0130706,
-0.0130655,0.0130655,
-0.0130603,0.0130603,
-0.0130552,0.0130552,
-0.0130501,0.0130501,
-0.013045,0.013045,
-0.0130399,0.0130399,
-0.0130348,0.0130348,
-0.0130297,0.0130297,
-0.0130246,0.0130246,
-0.0130195,0.0130195,
-0.0130144,0.0130144,
-0.0130094,0.0130094,
-0.0130043,0.0130043,
-0.0129992,0.0129992,
-0.0129942,0.0129942,
-0.0129891,0.0129891,
-0.012984,0.012984,
-0.012979,0.012979,
-0.0129739,0.0129739,
-0.0129689,0.0129689,
-0.0129638,0.0129638,
-0.0129588,0.0129588,
-0.0129538,0.0129538,
-0.0129487,0.0129487,
-0.0129437,0.0129437,
-0.0129387,0.0129387,
-0.0129336,0.0129336,
-0.0129286,0.0129286,
-0.0129236,0.0129236,
-0.0129186,0.0129186,
-0.0129136,0.0129136,
-0.0129086,0.0129086,
-0.0129036,0.0129036,
-0.0128986,0.0128986,
-0.0128936,0.0128936,
-0.0128886,0.0128886,
-0.0128836,0.0128836,
-0.0128787,0.0128787,
-0.0128737,0.0128737,
-0.0128687,0.0128687,
-0.0128638,0.0128638,
-0.0128588,0.0128588,
-0.0128538,0.0128538,
-0.0128489,0.0128489,
-0.0128439,0.0128439,
-0.012839,0.012839,
-0.012834,0.012834,
-0.0128291,0.0128291,
-0.0128242,0.0128242,
-0.0128192,0.0128192,
-0.0128143,0.0128143,
-0.0128094,0.0128094,
-0.0128045,0.0128045,
-0.0127995,0.0127995,
-0.0127946,0.0127946,
-0.0127897,0.0127897,
-0.0127848,0.0127848,
-0.0127799,0.0127799,
-0.012775,0.012775,
-0.0127701,0.0127701,
-0.0127652,0.0127652,
-0.0127603,0.0127603,
-0.0127555,0.0127555,
-0.0127506,0.0127506,
-0.0127457,0.0127457,
-0.0127408,0.0127408,
-0.012736,0.012736,
-0.0127311,0.0127311,
-0.0127262,0.0127262,
-0.0127214,0.0127214,
-0.0127165,0.0127165,
-0.0127117,0.0127117,
-0.0127068,0.0127068,
-0.012702,0.012702,
-0.0126971,0.0126971,
-0.0126923,0.0126923,
-0.0126875,0.0126875,
-0.0126826,0.0126826,
-0.0126778,0.0126778,
-0.012673,0.012673,
-0.0126682,0.0126682,
-0.0126634,0.0126634,
-0.0126586,0.0126586,
-0.0126538,0.0126538,
-0.012649,0.012649,
-0.0126442,0.0126442,
-0.0126394,0.0126394,
-0.0126346,0.0126346,
-0.0126298,0.0126298,
-0.012625,0.012625,
-0.0126202,0.0126202,
-0.0126154,0.0126154,
-0.0126107,0.0126107,
-0.0126059,0.0126059,
-0.0126011,0.0126011,
-0.0125964,0.0125964,
-0.0125916,0.0125916,
-0.0125869,0.0125869,
-0.0125821,0.0125821,
-0.0125774,0.0125774,
-0.0125726,0.0125726,
-0.0125679,0.0125679,
-0.0125631,0.0125631,
-0.0125584,0.0125584,
-0.0125537,0.0125537,
-0.0125489,0.0125489,
-0.0125442,0.0125442,
-0.0125395,0.0125395,
-0.0125348,0.0125348,
-0.0125301,0.0125301,
-0.0125254,0.0125254,
-0.0125207,0.0125207,
-0.012516,0.012516,
-0.0125113,0.0125113,
-0.0125066,0.0125066,
-0.0125019,0.0125019,
-0.0124972,0.0124972,
-0.0124925,0.0124925,
-0.0124878,0.0124878,
-0.0124831,0.0124831,
-0.0124785,0.0124785,
-0.0124738,0.0124738,
-0.0124691,0.0124691,
-0.0124645,0.0124645,
-0.0124598,0.0124598,
-0.0124552,0.0124552,
-0.0124505,0.0124505,
-0.0124459,0.0124459,
-0.0124412,0.0124412,
-0.0124366,0.0124366,
-0.0124319,0.0124319,
-0.0124273,0.0124273,
-0.0124227,0.0124227,
-0.012418,0.012418,
-0.0124134,0.0124134,
-0.0124088,0.0124088,
-0.0124042,0.0124042,
-0.0123996,0.0123996,
-0.0123949,0.0123949,
-0.0123903,0.0123903,
-0.0123857,0.0123857,
-0.0123811,0.0123811,
-0.0123765,0.0123765,
-0.0123719,0.0123719,
-0.0123673,0.0123673,
-0.0123628,0.0123628,
-0.0123582,0.0123582,
-0.0123536,0.0123536,
-0.012349,0.012349,
-0.0123444,0.0123444,
-0.0123399,0.0123399,
-0.0123353,0.0123353,
-0.0123307,0.0123307,
-0.0123262,0.0123262,
-0.0123216,0.0123216,
-0.0123171,0.0123171,
-0.0123125,0.0123125,
-0.012308,0.012308,
-0.0123034,0.0123034,
-0.0122989,0.0122989,
-0.0122944,0.0122944,
-0.0122898,0.0122898,
-0.0122853,0.0122853,
-0.0122808,0.0122808,
-0.0122762,0.0122762,
-0.0122717,0.0122717,
-0.0122672,0.0122672,
-0.0122627,0.0122627,
-0.0122582,0.0122582,
-0.0122537,0.0122537,
-0.0122492,0.0122492,
-0.0122447,0.0122447,
-0.0122402,0.0122402,
-0.0122357,0.0122357,
-0.0122312,0.0122312,
-0.0122267,0.0122267,
-0.0122222,0.0122222,
-0.0122177,0.0122177,
-0.0122133,0.0122133,
-0.0122088,0.0122088,
-0.0122043,0.0122043,
-0.0121999,0.0121999,
-0.0121954,0.0121954,
-0.0121909,0.0121909,
-0.0121865,0.0121865,
-0.012182,0.012182,
-0.0121776,0.0121776,
-0.0121731,0.0121731,
-0.0121687,0.0121687,
-0.0121642,0.0121642,
-0.0121598,0.0121598,
-0.0121554,0.0121554,
-0.0121509,0.0121509,
-0.0121465,0.0121465,
-0.0121421,0.0121421,
-0.0121377,0.0121377,
-0.0121332,0.0121332,
-0.0121288,0.0121288,
-0.0121244,0.0121244,
-0.01212,0.01212,
-0.0121156,0.0121156,
-0.0121112,0.0121112,
-0.0121068,0.0121068,
-0.0121024,0.0121024,
-0.012098,0.012098,
-0.0120936,0.0120936,
-0.0120892,0.0120892,
-0.0120848,0.0120848,
-0.0120805,0.0120805,
-0.0120761,0.0120761,
-0.0120717,0.0120717,
-0.0120673,0.0120673,
-0.012063,0.012063,
-0.0120586,0.0120586,
-0.0120542,0.0120542,
-0.0120499,0.0120499,
-0.0120455,0.0120455,
-0.0120412,0.0120412,
-0.0120368,0.0120368,
-0.0120325,0.0120325,
-0.0120281,0.0120281,
-0.0120238,0.0120238,
-0.0120195,0.0120195,
-0.0120151,0.0120151,
-0.0120108,0.0120108,
-0.0120065,0.0120065,
-0.0120022,0.0120022,
-0.0119978,0.0119978,
-0.0119935,0.0119935,
-0.0119892,0.0119892,
-0.0119849,0.0119849,
-0.0119806,0.0119806,
-0.0119763,0.0119763,
-0.011972,0.011972,
-0.0119677,0.0119677,
-0.0119634,0.0119634,
-0.0119591,0.0119591,
-0.0119548,0.0119548,
-0.0119505,0.0119505,
-0.0119462,0.0119462,
-0.011942,0.011942,
-0.0119377,0.0119377,
-0.0119334,0.0119334,
-0.0119291,0.0119291,
-0.0119249,0.0119249,
-0.0119206,0.0119206,
-0.0119163,0.0119163,
-0.0119121,0.0119121,
-0.0119078,0.0119078,
-0.0119036,0.0119036,
-0.0118993,0.0118993,
-0.0118951,0.0118951,
-0.0118908,0.0118908,
-0.0118866,0.0118866,
-0.0118824,0.0118824,
-0.0118781,0.0118781,
-0.0118739,0.0118739,
-0.0118697,0.0118697,
-0.0118654,0.0118654,
-0.0118612,0.0118612,
-0.011857,0.011857,
-0.0118528,0.0118528,
-0.0118486,0.0118486,
-0.0118443,0.0118443,
-0.0118401,0.0118401,
-0.0118359,0.0118359,
-0.0118317,0.0118317,
-0.0118275,0.0118275,
-0.0118233,0.0118233,
-0.0118191,0.0118191,
-0.011815,0.011815,
-0.0118108,0.0118108,
-0.0118066,0.0118066,
-0.0118024,0.0118024,
-0.0117982,0.0117982,
-0.0117941,0.0117941,
-0.0117899,0.0117899,
-0.0117857,0.0117857,
-0.0117815,0.0117815,
-0.0117774,0.0117774,
-0.0117732,0.0117732,
-0.0117691,0.0117691,
-0.0117649,0.0117649,
-0.0117608,0.0117608,
-0.0117566,0.0117566,
-0.0117525,0.0117525,
-0.0117483,0.0117483,
-0.0117442,0.0117442,
-0.01174,0.01174,
-0.0117359,0.0117359,
-0.0117318,0.0117318,
-0.0117277,0.0117277,
-0.0117235,0.0117235,
-0.0117194,0.0117194,
-0.0117153,0.0117153,
-0.0117112,0.0117112,
-0.0117071,0.0117071,
-0.0117029,0.0117029,
-0.0116988,0.0116988,
-0.0116947,0.0116947,
-0.0116906,0.0116906,
-0.0116865,0.0116865,
-0.0116824,0.0116824,
-0.0116783,0.0116783,
-0.0116743,0.0116743,
-0.0116702,0.0116702,
-0.0116661,0.0116661,
-0.011662,0.011662,
-0.0116579,0.0116579,
-0.0116538,0.0116538,
-0.0116498,0.0116498,
-0.0116457,0.0116457,
-0.0116416,0.0116416,
-0.0116376,0.0116376,
-0.0116335,0.0116335,
-0.0116294,0.0116294,
-0.0116254,0.0116254,
-0.0116213,0.0116213,
-0.0116173,0.0116173,
-0.0116132,0.0116132,
-0.0116092,0.0116092,
-0.0116052,0.0116052,
-0.0116011,0.0116011,
-0.0115971,0.0115971,
-0.011593,0.011593,
-0.011589,0.011589,
-0.011585,0.011585,
-0.011581,0.011581,
-0.0115769,0.0115769,
-0.0115729,0.0115729,
-0.0115689,0.0115689,
-0.0115649,0.0115649,
-0.0115609,0.0115609,
-0.0115569,0.0115569,
-0.0115529,0.0115529,
-0.0115489,0.0115489,
-0.0115449,0.0115449,
-0.0115409,0.0115409,
-0.0115369,0.0115369,
-0.0115329,0.0115329,
-0.0115289,0.0115289,
-0.0115249,0.0115249,
-0.0115209,0.0115209,
-0.0115169,0.0115169,
-0.011513,0.011513,
-0.011509,0.011509,
-0.011505,0.011505,
-0.011501,0.011501,
-0.0114971,0.0114971,
-0.0114931,0.0114931,
-0.0114891,0.0114891,
-0.0114852,0.0114852,
-0.0114812,0.0114812,
-0.0114773,0.0114773,
-0.0114733,0.0114733,
-0.0114694,0.0114694,
-0.0114654,0.0114654,
-0.0114615,0.0114615,
-0.0114575,0.0114575,
-0.0114536,0.0114536,
-0.0114497,0.0114497,
-0.0114457,0.0114457,
-0.0114418,0.0114418,
-0.0114379,0.0114379,
-0.011434,0.011434,
-0.01143,0.01143,
-0.0114261,0.0114261,
-0.0114222,0.0114222,
-0.0114183,0.0114183,
-0.0114144,0.0114144,
-0.0114105,0.0114105,
-0.0114066,0.0114066,
-0.0114027,0.0114027,
-0.0113988,0.0113988,
-0.0113949,0.0113949,
-0.011391,0.011391,
-0.0113871,0.0113871,
-0.0113832,0.0113832,
-0.0113793,0.0113793,
-0.0113754,0.0113754,
-0.0113715,0.0113715,
-0.0113677,0.0113677,
-0.0113638,0.0113638,
-0.0113599,0.0113599,
-0.011356,0.011356,
-0.0113522,0.0113522,
-0.0113483,0.0113483,
-0.0113445,0.0113445,
-0.0113406,0.0113406,
-0.0113367,0.0113367,
-0.0113329,0.0113329,
-0.011329,0.011329,
-0.0113252,0.0113252,
-0.0113213,0.0113213,
-0.0113175,0.0113175,
-0.0113136,0.0113136,
-0.0113098,0.0113098,
-0.011306,0.011306,
-0.0113021,0.0113021,
-0.0112983,0.0112983,
-0.0112945,0.0112945,
-0.0112907,0.0112907,
-0.0112868,0.0112868,
-0.011283,0.011283,
-0.0112792,0.0112792,
-0.0112754,0.0112754,
-0.0112716,0.0112716,
-0.0112677,0.0112677,
-0.0112639,0.0112639,
-0.0112601,0.0112601,
-0.0112563,0.0112563,
-0.0112525,0.0112525,
-0.0112487,0.0112487,
-0.0112449,0.0112449,
-0.0112411,0.0112411,
-0.0112374,0.0112374,
-0.0112336,0.0112336,
-0.0112298,0.0112298,
-0.011226,0.011226,
-0.0112222,0.0112222,
-0.0112184,0.0112184,
-0.0112147,0.0112147,
-0.0112109,0.0112109,
-0.0112071,0.0112071,
-0.0112034,0.0112034,
-0.0111996,0.0111996,
-0.0111958,0.0111958,
-0.0111921,0.0111921,
-0.0111883,0.0111883,
-0.0111846,0.0111846,
-0.0111808,0.0111808,
-0.0111771,0.0111771,
-0.0111733,0.0111733,
-0.0111696,0.0111696,
-0.0111658,0.0111658,
-0.0111621,0.0111621,
-0.0111584,0.0111584,
-0.0111546,0.0111546,
-0.0111509,0.0111509,
-0.0111472,0.0111472,
-0.0111434,0.0111434,
-0.0111397,0.0111397,
-0.011136,0.011136,
-0.0111323,0.0111323,
-0.0111285,0.0111285,
-0.0111248,0.0111248,
-0.0111211,0.0111211,
-0.0111174,0.0111174,
-0.0111137,0.0111137,
-0.001111,0.001111,
-0.00111063,0.00111063,
-0.00111026,0.00111026,
-0.00110989,0.00110989,
-0.00110952,0.00110952,
-0.00110915,0.00110915,
-0.00110878,0.00110878,
-0.00110841,0.00110841,
-0.00110805,0.00110805,
-0.00110768,0.00110768,
-0.00110731,0.00110731,
-0.00110694,0.00110694,
-0.00110657,0.00110657,
-0.00110621,0.00110621,
-0.00110584,0.00110584,
-0.00110547,0.00110547,
-0.00110511,0.00110511,
-0.00110474,0.00110474,
-0.00110437,0.00110437,
-0.00110401,0.00110401,
-0.00110364,0.00110364,
-0.00110328,0.00110328,
-0.00110291,0.00110291,
-0.00110255,0.00110255,
-0.00110218,0.00110218,
-0.00110182,0.00110182,
-0.00110145,0.00110145,
-0.00110109,0.00110109,
-0.00110073,0.00110073,
-0.00110036,0.00110036,
-0.0011,0.0011,
-0.00109964,0.00109964,
-0.00109927,0.00109927,
-0.00109891,0.00109891,
-0.00109855,0.00109855,
-0.00109819,0.00109819,
-0.00109783,0.00109783,
-0.00109746,0.00109746,
-0.0010971,0.0010971,
-0.00109674,0.00109674,
-0.00109638,0.00109638,
-0.00109602,0.00109602,
-0.00109566,0.00109566,
-0.0010953,0.0010953,
-0.00109494,0.00109494,
-0.00109458,0.00109458,
-0.00109422,0.00109422,
-0.00109386,0.00109386,
-0.0010935,0.0010935,
-0.00109315,0.00109315,
-0.00109279,0.00109279,
-0.00109243,0.00109243,
-0.00109207,0.00109207,
-0.00109171,0.00109171,
-0.00109136,0.00109136,
-0.001091,0.001091,
-0.00109064,0.00109064,
-0.00109028,0.00109028,
-0.00108993,0.00108993,
-0.00108957,0.00108957,
-0.00108922,0.00108922,
-0.00108886,0.00108886,
-0.0010885,0.0010885,
-0.00108815,0.00108815,
-0.00108779,0.00108779,
-0.00108744,0.00108744,
-0.00108708,0.00108708,
-0.00108673,0.00108673,
-0.00108638,0.00108638,
-0.00108602,0.00108602,
-0.00108567,0.00108567,
-0.00108531,0.00108531,
-0.00108496,0.00108496,
-0.00108461,0.00108461,
-0.00108426,0.00108426,
-0.0010839,0.0010839,
-0.00108355,0.00108355,
-0.0010832,0.0010832,
-0.00108285,0.00108285,
-0.00108249,0.00108249,
-0.00108214,0.00108214,
-0.00108179,0.00108179,
-0.00108144,0.00108144,
-0.00108109,0.00108109,
-0.00108074,0.00108074,
-0.00108039,0.00108039,
-0.00108004,0.00108004,
-0.00107969,0.00107969,
-0.00107934,0.00107934,
-0.00107899,0.00107899,
-0.00107864,0.00107864,
-0.00107829,0.00107829,
-0.00107794,0.00107794,
-0.00107759,0.00107759,
-0.00107725,0.00107725,
-0.0010769,0.0010769,
-0.00107655,0.00107655,
-0.0010762,0.0010762,
-0.00107586,0.00107586,
-0.00107551,0.00107551,
-0.00107516,0.00107516,
-0.00107481,0.00107481,
-0.00107447,0.00107447,
-0.00107412,0.00107412,
-0.00107378,0.00107378,
-0.00107343,0.00107343,
-0.00107308,0.00107308,
-0.00107274,0.00107274,
-0.00107239,0.00107239,
-0.00107205,0.00107205,
-0.0010717,0.0010717,
-0.00107136,0.00107136,
-0.00107102,0.00107102,
-0.00107067,0.00107067,
-0.00107033,0.00107033,
-0.00106998,0.00106998,
-0.00106964,0.00106964,
-0.0010693,0.0010693,
-0.00106895,0.00106895,
-0.00106861,0.00106861,
-0.00106827,0.00106827,
-0.00106793,0.00106793,
-0.00106758,0.00106758,
-0.00106724,0.00106724,
-0.0010669,0.0010669,
-0.00106656,0.00106656,
-0.00106622,0.00106622,
-0.00106588,0.00106588,
-0.00106554,0.00106554,
-0.0010652,0.0010652,
-0.00106486,0.00106486,
-0.00106452,0.00106452,
-0.00106418,0.00106418,
-0.00106384,0.00106384,
-0.0010635,0.0010635,
-0.00106316,0.00106316,
-0.00106282,0.00106282,
-0.00106248,0.00106248,
-0.00106214,0.00106214,
-0.0010618,0.0010618,
-0.00106146,0.00106146,
-0.00106113,0.00106113,
-0.00106079,0.00106079,
-0.00106045,0.00106045,
-0.00106011,0.00106011,
-0.00105978,0.00105978,
-0.00105944,0.00105944,
-0.0010591,0.0010591,
-0.00105877,0.00105877,
-0.00105843,0.00105843,
-0.0010581,0.0010581,
-0.00105776,0.00105776,
-0.00105742,0.00105742,
-0.00105709,0.00105709,
-0.00105675,0.00105675,
-0.00105642,0.00105642,
-0.00105608,0.00105608,
-0.00105575,0.00105575,
-0.00105541,0.00105541,
-0.00105508,0.00105508,
-0.00105475,0.00105475,
-0.00105441,0.00105441,
-0.00105408,0.00105408,
-0.00105375,0.00105375,
-0.00105341,0.00105341,
-0.00105308,0.00105308,
-0.00105275,0.00105275,
-0.000105242,0.000105242,
-0.000105208,0.000105208,
-0.000105175,0.000105175,
-0.000105142,0.000105142,
-0.000105109,0.000105109,
-0.000105076,0.000105076,
-0.000105043,0.000105043,
-0.000105009,0.000105009,
-0.000104976,0.000104976,
-0.000104943,0.000104943,
-0.00010491,0.00010491,
-0.000104877,0.000104877,
-0.000104844,0.000104844,
-0.000104811,0.000104811,
-0.000104778,0.000104778,
-0.000104745,0.000104745,
-0.000104713,0.000104713,
-0.00010468,0.00010468,
-0.000104647,0.000104647,
-0.000104614,0.000104614,
-0.000104581,0.000104581,
-0.000104548,0.000104548,
-0.000104516,0.000104516,
-0.000104483,0.000104483,
-0.00010445,0.00010445,
-0.000104417,0.000104417,
-0.000104385,0.000104385,
-0.000104352,0.000104352,
-0.000104319,0.000104319,
-0.000104287,0.000104287,
-0.000104254,0.000104254,
-0.000104221,0.000104221,
-0.000104189,0.000104189,
-0.000104156,0.000104156,
-0.000104124,0.000104124,
-0.000104091,0.000104091,
-0.000104059,0.000104059,
-0.000104026,0.000104026,
-0.000103994,0.000103994,
-0.000103961,0.000103961,
-0.000103929,0.000103929,
-0.000103897,0.000103897,
-0.000103864,0.000103864,
-0.000103832,0.000103832,
-0.000103799,0.000103799,
-0.000103767,0.000103767,
-0.000103735,0.000103735,
-0.000103703,0.000103703,
-0.00010367,0.00010367,
-0.000103638,0.000103638,
-0.000103606,0.000103606,
-0.000103574,0.000103574,
-0.000103541,0.000103541,
-0.000103509,0.000103509,
-0.000103477,0.000103477,
-0.000103445,0.000103445,
-0.000103413,0.000103413,
-0.000103381,0.000103381,
-0.000103349,0.000103349,
-0.000103317,0.000103317,
-0.000103285,0.000103285,
-0.000103253,0.000103253,
-0.000103221,0.000103221,
-0.000103189,0.000103189,
-0.000103157,0.000103157,
-0.000103125,0.000103125,
-0.000103093,0.000103093,
-0.000103061,0.000103061,
-0.000103029,0.000103029,
-0.000102998,0.000102998,
-0.000102966,0.000102966,
-0.000102934,0.000102934,
-0.000102902,0.000102902,
-0.00010287,0.00010287,
-0.000102839,0.000102839,
-0.000102807,0.000102807,
-0.000102775,0.000102775,
-0.000102744,0.000102744,
-0.000102712,0.000102712,
-0.00010268,0.00010268,
-0.000102649,0.000102649,
-0.000102617,0.000102617,
-0.000102585,0.000102585,
-0.000102554,0.000102554,
-0.000102522,0.000102522,
-0.000102491,0.000102491,
-0.000102459,0.000102459,
-0.000102428,0.000102428,
-0.000102396,0.000102396,
-0.000102365,0.000102365,
-0.000102333,0.000102333,
-0.000102302,0.000102302,
-0.000102271,0.000102271,
-0.000102239,0.000102239,
-0.000102208,0.000102208,
-0.000102177,0.000102177,
-0.000102145,0.000102145,
-0.000102114,0.000102114,
-0.000102083,0.000102083,
-0.000102051,0.000102051,
-0.00010202,0.00010202,
-0.000101989,0.000101989,
-0.000101958,0.000101958,
-0.000101927,0.000101927,
-0.000101895,0.000101895,
-0.000101864,0.000101864,
-0.000101833,0.000101833,
-0.000101802,0.000101802,
-0.000101771,0.000101771,
-0.00010174,0.00010174,
-0.000101709,0.000101709,
-0.000101678,0.000101678,
-0.000101647,0.000101647,
-0.000101616,0.000101616,
-0.000101585,0.000101585,
-0.000101554,0.000101554,
-0.000101523,0.000101523,
-0.000101492,0.000101492,
-0.000101461,0.000101461,
-0.00010143,0.00010143,
-0.000101399,0.000101399,
-0.000101369,0.000101369,
-0.000101338,0.000101338,
-0.000101307,0.000101307,
-0.000101276,0.000101276,
-0.000101245,0.000101245,
-0.000101215,0.000101215,
-0.000101184,0.000101184,
-0.000101153,0.000101153,
-0.000101123,0.000101123,
-0.000101092,0.000101092,
-0.000101061,0.000101061,
-0.000101031,0.000101031,
-0.000101,0.000101,
-0.000100969,0.000100969,
-0.000100939,0.000100939,
-0.000100908,0.000100908,
-0.000100878,0.000100878,
-0.000100847,0.000100847,
-0.000100817,0.000100817,
-0.000100786,0.000100786,
-0.000100756,0.000100756,
-0.000100725,0.000100725,
-0.000100695,0.000100695,
-0.000100664,0.000100664,
-0.000100634,0.000100634,
-0.000100604,0.000100604,
-0.000100573,0.000100573,
-0.000100543,0.000100543,
-0.000100513,0.000100513,
-0.000100482,0.000100482,
-0.000100452,0.000100452,
-0.000100422,0.000100422,
-0.000100392,0.000100392,
-0.000100361,0.000100361,
-0.000100331,0.000100331,
-0.000100301,0.000100301,
-0.000100271,0.000100271,
-0.000100241,0.000100241,
-0.00010021,0.00010021,
-0.00010018,0.00010018,
-0.00010015,0.00010015,
-0.00010012,0.00010012,
-0.00010009,0.00010009,
-0.00010006,0.00010006,
-0.00010003,0.00010003,
